{"lr-AdamW": 0.001, "lr-AdamW-momentum": 0.9, "trainer/global_step": 0, "_timestamp": 1699837837.3841448, "_runtime": 10.65858769416809, "_step": 0}