{"lr-AdamW": 0.001, "lr-AdamW-momentum": 0.9, "trainer/global_step": 0, "_timestamp": 1699837229.1617599, "_runtime": 10.36892580986023, "_step": 0}