{"lr-AdamW": 0.001, "lr-AdamW-momentum": 0.9, "trainer/global_step": 0, "_timestamp": 1699838109.8718154, "_runtime": 10.684317350387573, "_step": 0}