{"lr-AdamW": 0.001, "lr-AdamW-momentum": 0.9, "trainer/global_step": 0, "_timestamp": 1699839226.2904694, "_runtime": 10.730120420455933, "_step": 0}