{"lr-AdamW": 0.001, "lr-AdamW-momentum": 0.9, "trainer/global_step": 0, "_timestamp": 1699837603.9129925, "_runtime": 10.510129451751709, "_step": 0}