{"lr-AdamW": 0.001, "lr-AdamW-momentum": 0.9, "trainer/global_step": 0, "_timestamp": 1699837438.7593122, "_runtime": 10.714909076690674, "_step": 0}