{"lr-AdamW": 0.001, "lr-AdamW-momentum": 0.9, "trainer/global_step": 0, "_timestamp": 1699838240.9425926, "_runtime": 10.565898656845093, "_step": 0}