{"lr-AdamW": 0.001, "lr-AdamW-momentum": 0.9, "trainer/global_step": 0, "_timestamp": 1699839337.8760092, "_runtime": 11.426433324813843, "_step": 0}