{"lr-AdamW": 0.001, "lr-AdamW-momentum": 0.9, "trainer/global_step": 0, "_timestamp": 1699852353.296133, "_runtime": 60.032493114471436, "_step": 0}