{"lr-AdamW": 0.001, "lr-AdamW-momentum": 0.9, "trainer/global_step": 12, "_timestamp": 1699845779.5308654, "_runtime": 20.776628494262695, "_step": 18, "loss": 0.22273501753807068, "acc": 0.99371337890625, "epoch": 5, "_wandb": {"runtime": 23}}