{"lr-AdamW": 0.001, "lr-AdamW-momentum": 0.9, "trainer/global_step": 0, "_timestamp": 1699839083.4105232, "_runtime": 10.497590065002441, "_step": 0}