{"lr-AdamW": 0.001, "lr-AdamW-momentum": 0.9, "trainer/global_step": 0, "_timestamp": 1699838475.2445977, "_runtime": 6.843122720718384, "_step": 0}