{"lr-AdamW": 0.001, "lr-AdamW-momentum": 0.9, "trainer/global_step": 199, "_timestamp": 1699840085.3565671, "_runtime": 346.5998182296753, "_step": 299, "loss": 0.007144663017243147, "acc": 0.998382568359375, "epoch": 99, "_wandb": {"runtime": 346}}