{"lr-AdamW": 0.001, "lr-AdamW-momentum": 0.9, "trainer/global_step": 0, "_timestamp": 1699852715.1746361, "_runtime": 58.775719165802, "_step": 0}