{"lr-AdamW": 0.001, "lr-AdamW-momentum": 0.9, "trainer/global_step": 0, "_timestamp": 1699839009.6394215, "_runtime": 3.563464403152466, "_step": 0, "_wandb": {"runtime": 3}}