{"lr-AdamW": 0.001, "lr-AdamW-momentum": 0.9, "trainer/global_step": 0, "_timestamp": 1699838427.1041374, "_runtime": 10.245518445968628, "_step": 0}