{"lr-AdamW": 0.001, "lr-AdamW-momentum": 0.9, "trainer/global_step": 199, "_timestamp": 1699842258.3451512, "_runtime": 335.3956422805786, "_step": 299, "loss": 0.007144663017243147, "acc": 0.998382568359375, "epoch": 99, "_wandb": {"runtime": 335}}