{"lr-AdamW": 0.001, "lr-AdamW-momentum": 0.9, "trainer/global_step": 0, "_timestamp": 1699837712.0025954, "_runtime": 10.437955379486084, "_step": 0}