{"lr-AdamW": 0.001, "lr-AdamW-momentum": 0.9, "trainer/global_step": 1, "_timestamp": 1699839462.063661, "_runtime": 23.541819095611572, "_step": 1}