{"lr-AdamW": 0.001, "lr-AdamW-momentum": 0.9, "trainer/global_step": 0, "_timestamp": 1699848767.0996823, "_runtime": 8.363844394683838, "_step": 0}