{"lr-AdamW": 0.001, "lr-AdamW-momentum": 0.9, "trainer/global_step": 0, "_timestamp": 1699851790.8522282, "_runtime": 58.03839921951294, "_step": 0}