{"lr-AdamW": 0.001, "lr-AdamW-momentum": 0.9, "trainer/global_step": 0, "_timestamp": 1699838664.815936, "_runtime": 7.04439115524292, "_step": 0}